-- Use the correct schema
USE talent_wise;


-- Inserting all the roster members
INSERT INTO roster (name, role, gender, email, phone) VALUES ('James Cameron', 'manager', 'Male', 'jamescameron@cpanel.net', '369-815-1352');
INSERT INTO roster (name, role, gender, email, phone) VALUES ('Alanson Mutlow', 'sourcer', 'Male', 'amutlow0@cpanel.net', '369-815-1858');
INSERT INTO roster (name, role, gender, email, phone) VALUES ('Nicolea Kahan', 'sourcer', 'Female', 'nkahan1@google.nl', '887-947-1825');
INSERT INTO roster (name, role, gender, email, phone) VALUES ( 'Thorvald Heggadon', 'sourcer', 'Male', 'theggadon2@wired.com', '800-852-4886');
INSERT INTO roster (name, role, gender, email, phone) VALUES ( 'Pennie Brister', 'sourcer', 'Female', 'pbrister3@pbs.org', '622-141-0572');
INSERT INTO roster (name, role, gender, email, phone) VALUES ( 'Midge Vinecombe', 'recruiter', 'Female', 'mvinecombe4@zdnet.com', '637-176-7408');
INSERT INTO roster (name, role, gender, email, phone) VALUES ( 'Ahmed Hubane', 'sourcer', 'Male', 'ahubane5@spotify.com', '159-349-9876');
INSERT INTO roster (name, role, gender, email, phone) VALUES ( 'Margeaux Fielder', 'sourcer', 'Female', 'mfielder6@eepurl.com', '801-452-2841');
INSERT INTO roster (name, role, gender, email, phone) VALUES ( 'Spence Polding', 'sourcer', 'Bigender', 'spolding7@macromedia.com', '979-811-9047');
INSERT INTO roster (name, role, gender, email, phone) VALUES ( 'Keir De Souza', 'recruiter', 'Male', 'kde8@icq.com', '130-168-1534');
INSERT INTO roster (name, role, gender, email, phone) VALUES ( 'Marietta Benge', 'sourcer', 'Male', 'mbenge9@msn.com', '770-898-4652');
INSERT INTO roster (name, role, gender, email, phone) VALUES ( 'Brandise Vasile', 'sourcer', 'Female', 'bvasilea@spotify.com', '795-945-7976');
INSERT INTO roster (name, role, gender, email, phone) VALUES ( 'Antons Groucock', 'sourcer', 'Male', 'agroucockb@europa.eu', '818-860-5510');
INSERT INTO roster (name, role, gender, email, phone) VALUES ( 'Arlina Stenton', 'recruiter', 'Female', 'astentonc@canalblog.com', '630-269-1634');
INSERT INTO roster (name, role, gender, email, phone) VALUES ( 'Gifford Blomefield', 'sourcer', 'Polygender', 'gblomefieldd@ftc.gov', '638-313-4361');
INSERT INTO roster (name, role, gender, email, phone) VALUES ( 'Kissiah St. Hill', 'recruiter', 'Bigender', 'kste@comcast.net', '381-308-2924');
INSERT INTO roster (name, role, gender, email, phone) VALUES ( 'Jocelyne Kinig', 'sourcer', 'Female', 'jkinigf@sakura.ne.jp', '921-190-8729');
INSERT INTO roster (name, role, gender, email, phone) VALUES ( 'Alison Drysdale', 'sourcer', 'Female', 'adrysdaleg@weibo.com', '839-372-8394');
INSERT INTO roster (name, role, gender, email, phone) VALUES ( 'Ken Feye', 'sourcer', 'Male', 'kfeyeh@vk.com', '390-498-5530');
INSERT INTO roster (name, role, gender, email, phone) VALUES ( 'Archer Michelin', 'sourcer', 'Male', 'amichelini@wufoo.com', '799-264-0349');
INSERT INTO roster (name, role, gender, email, phone) VALUES ( 'Doti Atthowe', 'sourcer', 'Polygender', 'datthowej@eepurl.com', '724-719-9612');
INSERT INTO roster (name, role, gender, email, phone) VALUES ( 'Morley Trotton', 'recruiter', 'Male', 'mtrottonk@usda.gov', '966-195-4590');
INSERT INTO roster (name, role, gender, email, phone) VALUES ( 'Maximilian Walrond', 'sourcer', 'Male', 'mwalrondl@addtoany.com', '514-948-5675');
INSERT INTO roster (name, role, gender, email, phone) VALUES ( 'Taddeo Lytell', 'sourcer', 'Bigender', 'tlytellm@elpais.com', '491-346-1365');
INSERT INTO roster (name, role, gender, email, phone) VALUES ( 'Algernon Harce', 'sourcer', 'Male', 'aharcen@umich.edu', '928-436-0876');
INSERT INTO roster (name, role, gender, email, phone) VALUES ( 'Frederique Collin', 'recruiter', 'Female', 'fcollino@bizjournals.com', '934-150-1325');
INSERT INTO roster (name, role, gender, email, phone) VALUES ( 'Willetta Traher', 'sourcer', 'Female', 'wtraherp@163.com', '860-971-6272');
INSERT INTO roster (name, role, gender, email, phone) VALUES ( 'Gordan Limeburn', 'sourcer', 'Male', 'glimeburnq@istockphoto.com', '134-416-3404');
INSERT INTO roster (name, role, gender, email, phone) VALUES ( 'Hermann Carlon', 'sourcer', 'Male', 'hcarlonr@mozilla.com', '719-487-8395');
INSERT INTO roster (name, role, gender, email, phone) VALUES ( 'Andris Karp', 'sourcer', 'Male', 'akarps@mapquest.com', '800-982-3048');
INSERT INTO roster (name, role, gender, email, phone) VALUES ( 'Inigo Chishull', 'sourcer', 'Male', 'ichishullt@infoseek.co.jp', '843-260-2319');
INSERT INTO roster (name, role, gender, email, phone) VALUES ( 'Tonnie Gadie', 'sourcer', 'Polygender', 'tgadieu@howstuffworks.com', '820-214-4923');
INSERT INTO roster (name, role, gender, email, phone) VALUES ( 'Isis Vivash', 'sourcer', 'Female', 'ivivashw@homestead.com', '377-601-3058');
INSERT INTO roster (name, role, gender, email, phone) VALUES ( 'Erminia Brunini', 'recruiter', 'Female', 'ebruninix@bbc.co.uk', '991-840-2488');
INSERT INTO roster (name, role, gender, email, phone) VALUES ( 'Harrie Dowson', 'sourcer', 'Female', 'hdowsony@globo.com', '996-644-5051');
INSERT INTO roster (name, role, gender, email, phone) VALUES ( 'Berne Welden', 'sourcer', 'Male', 'bweldenz@mit.edu', '574-530-5947');
INSERT INTO roster (name, role, gender, email, phone) VALUES ( 'Casey Rentoll', 'sourcer', 'Male', 'crentoll10@cloudflare.com', '169-979-7524');
INSERT INTO roster (name, role, gender, email, phone) VALUES ( 'Christophorus Mohun', 'sourcer', 'Male', 'cmohun11@rediff.com', '739-652-8956');
INSERT INTO roster (name, role, gender, email, phone) VALUES ( 'Gavan Woodhouse', 'sourcer', 'Male', 'gwoodhouse12@state.tx.us', '842-626-5827');
INSERT INTO roster (name, role, gender, email, phone) VALUES ( 'Lulita Arnaut', 'sourcer', 'Female', 'larnaut13@youku.com', '878-155-6848');
INSERT INTO roster (name, role, gender, email, phone) VALUES ( 'Sylvan Elstow', 'sourcer', 'Male', 'selstow14@domainmarket.com', '947-210-4310');
INSERT INTO roster (name, role, gender, email, phone) VALUES ( 'Hazlett Auty', 'sourcer', 'Male', 'hauty15@si.edu', '162-784-1739');
INSERT INTO roster (name, role, gender, email, phone) VALUES ( 'Hadlee Laugherane', 'sourcer', 'Male', 'hlaugherane16@state.tx.us', '964-517-0401');
INSERT INTO roster (name, role, gender, email, phone) VALUES ( 'Leigh Canaan', 'sourcer', 'Female', 'lcanaan17@wsj.com', '645-691-3921');
INSERT INTO roster (name, role, gender, email, phone) VALUES ( 'Genvieve Windows', 'sourcer', 'Female', 'gwindows18@ucsd.edu', '308-261-7874');
INSERT INTO roster (name, role, gender, email, phone) VALUES ( 'Reese Kisar', 'sourcer', 'Male', 'rkisar19@answers.com', '102-527-9855');
INSERT INTO roster (name, role, gender, email, phone) VALUES ( 'Myrlene Mellmer', 'sourcer', 'Female', 'mmellmer1a@yale.edu', '427-797-3842');
INSERT INTO roster (name, role, gender, email, phone) VALUES ( 'Burnaby Millhill', 'sourcer', 'Male', 'bmillhill1b@sphinn.com', '104-164-7067');
INSERT INTO roster (name, role, gender, email, phone) VALUES ( 'Elinor Cleary', 'sourcer', 'Female', 'ecleary1c@cnn.com', '510-497-9881');
INSERT INTO roster (name, role, gender, email, phone) VALUES ( 'Margery Kuzemka', 'sourcer', 'Polygender', 'mkuzemka1d@whitehouse.gov', '623-319-7194');
INSERT INTO roster (name, role, gender, email, phone) VALUES ( 'Colas Ealden', 'sourcer', 'Male', 'cealden1e@nationalgeographic.com', '844-507-3816');
INSERT INTO roster (name, role, gender, email, phone) VALUES ( 'Madelle Seeger', 'sourcer', 'Female', 'mseeger1f@canalblog.com', '185-119-9533');
INSERT INTO roster (name, role, gender, email, phone) VALUES ( 'Terencio Beaves', 'sourcer', 'Male', 'tbeaves1g@nymag.com', '516-876-3808');
INSERT INTO roster (name, role, gender, email, phone) VALUES ( 'Jewel Gladdor', 'sourcer', 'Female', 'jgladdor1h@netvibes.com', '433-477-7267');
INSERT INTO roster (name, role, gender, email, phone) VALUES ( 'Irving Docharty', 'sourcer', 'Male', 'idocharty1i@skype.com', '158-859-7365');
INSERT INTO roster (name, role, gender, email, phone) VALUES ( 'Kassi Alfonsetto', 'sourcer', 'Female', 'kalfonsetto1j@wired.com', '734-101-4860');
INSERT INTO roster (name, role, gender, email, phone) VALUES ( 'Grier Jouanet', 'sourcer', 'Female', 'gjouanet1k@disqus.com', '962-885-6852');
INSERT INTO roster (name, role, gender, email, phone) VALUES ( 'Teodoor Abbey', 'Manager', 'Male', 'tabbey1l@freewebs.com', '556-450-2699');
INSERT INTO roster (name, role, gender, email, phone) VALUES ( 'Joann Hinkley', 'sourcer', 'Female', 'jhinkley1n@weibo.com', '813-358-5134');
INSERT INTO roster (name, role, gender, email, phone) VALUES ( 'Brittne Frensch', 'sourcer', 'Female', 'bfrensch1o@jigsy.com', '137-952-0986');
INSERT INTO roster (name, role, gender, email, phone) VALUES ( 'Antone Questier', 'sourcer', 'Male', 'aquestier1p@java.com', '632-633-6933');
INSERT INTO roster (name, role, gender, email, phone) VALUES ( 'Adlai Sloan', 'sourcer', 'Male', 'asloan1q@hatena.ne.jp', '845-527-5665');
INSERT INTO roster (name, role, gender, email, phone) VALUES ( 'Ashia Matysik', 'sourcer', 'Female', 'amatysik1r@slideshare.net', '226-212-4361');
INSERT INTO roster (name, role, gender, email, phone) VALUES ( 'Charline MacKomb', 'sourcer', 'Female', 'cmackomb1s@netvibes.com', '593-207-6867');
INSERT INTO roster (name, role, gender, email, phone) VALUES ( 'Beverie Penketh', 'sourcer', 'Female', 'bpenketh1t@state.gov', '506-477-2500');
INSERT INTO roster (name, role, gender, email, phone) VALUES ( 'Corrinne Gannicleff', 'recruiter', 'Female', 'cgannicleff1u@woothemes.com', '936-565-1272');
INSERT INTO roster (name, role, gender, email, phone) VALUES ( 'Kinsley Stallebrass', 'recruiter', 'Male', 'kstallebrass1v@tumblr.com', '574-265-8630');
INSERT INTO roster (name, role, gender, email, phone) VALUES ( 'Peterus Gregoratti', 'sourcer', 'Male', 'pgregoratti1w@seattletimes.com', '228-401-0131');
INSERT INTO roster (name, role, gender, email, phone) VALUES ( 'Rahel Spraggon', 'sourcer', 'Female', 'rspraggon1x@bing.com', '131-196-3269');
INSERT INTO roster (name, role, gender, email, phone) VALUES ( 'Jerome Tootal', 'sourcer', 'Polygender', 'jtootal1y@surveymonkey.com', '505-823-6665');
INSERT INTO roster (name, role, gender, email, phone) VALUES ( 'Walther Hackleton', 'sourcer', 'Male', 'whackleton1z@umn.edu', '625-519-8206');
INSERT INTO roster (name, role, gender, email, phone) VALUES ( 'Raye Rowthorne', 'sourcer', 'Female', 'rrowthorne20@unesco.org', '616-751-3078');
INSERT INTO roster (name, role, gender, email, phone) VALUES ( 'Alla De Zuani', 'sourcer', 'Genderqueer', 'ade21@hp.com', '740-693-4317');
INSERT INTO roster (name, role, gender, email, phone) VALUES ( 'Ford Sabbin', 'sourcer', 'Bigender', 'fsabbin22@sciencedaily.com', '372-846-1377');
INSERT INTO roster (name, role, gender, email, phone) VALUES ( 'Lanny Lambertazzi', 'sourcer', 'Male', 'llambertazzi23@samsung.com', '544-753-2655');
INSERT INTO roster (name, role, gender, email, phone) VALUES ( 'Leonelle Abad', 'sourcer', 'Female', 'labad24@marriott.com', '768-569-9963');
INSERT INTO roster (name, role, gender, email, phone) VALUES ( 'Ninette Gumly', 'sourcer', 'Female', 'ngumly25@networkadvertising.org', '104-302-5748');
INSERT INTO roster (name, role, gender, email, phone) VALUES ( 'Cal Yakunikov', 'sourcer', 'Male', 'cyakunikov26@parallels.com', '416-758-8499');
INSERT INTO roster (name, role, gender, email, phone) VALUES ( 'Ian Roo', 'sourcer', 'Male', 'iroo27@smh.com.au', '212-159-5219');
INSERT INTO roster (name, role, gender, email, phone) VALUES ( 'Gilberta Ghilks', 'sourcer', 'Female', 'gghilks28@cornell.edu', '555-469-2419');
INSERT INTO roster (name, role, gender, email, phone) VALUES ( 'Alair Toyne', 'sourcer', 'Male', 'atoyne2a@marketwatch.com', '726-665-9684');
INSERT INTO roster (name, role, gender, email, phone) VALUES ( 'Emory Lancley', 'sourcer', 'Male', 'elancley2c@nymag.com', '476-320-2163');
INSERT INTO roster (name, role, gender, email, phone) VALUES ( 'Erroll Silver', 'sourcer', 'Male', 'esilver2d@ifeng.com', '796-187-2378');
INSERT INTO roster (name, role, gender, email, phone) VALUES ( 'Genvieve Comrie', 'sourcer', 'Female', 'gcomrie2e@webmd.com', '982-359-9751');
INSERT INTO roster (name, role, gender, email, phone) VALUES ( 'Drusilla Slyvester', 'recruiter', 'Female', 'dslyvester2f@digg.com', '319-398-3327');
INSERT INTO roster (name, role, gender, email, phone) VALUES ( 'Mab Slite', 'sourcer', 'Female', 'mslite2g@mediafire.com', '907-934-2791');
INSERT INTO roster (name, role, gender, email, phone) VALUES ( 'Nathanial Rosencrantz', 'Manager', 'Male', 'nrosencrantz2h@homestead.com', '974-797-7892');
INSERT INTO roster (name, role, gender, email, phone) VALUES ( 'Herminia Kiezler', 'sourcer', 'Female', 'hkiezler2i@google.pl', '711-394-7541');
INSERT INTO roster (name, role, gender, email, phone) VALUES ( 'Olenka Studders', 'sourcer', 'Female', 'ostudders2j@wordpress.org', '791-932-2843');
INSERT INTO roster (name, role, gender, email, phone) VALUES ( 'Kayle Jeschner', 'sourcer', 'Female', 'kjeschner2k@instagram.com', '533-692-4388');
INSERT INTO roster (name, role, gender, email, phone) VALUES ( 'Isabelle McAlister', 'sourcer', 'Female', 'imcalister2l@theatlantic.com', '972-505-1583');
INSERT INTO roster (name, role, gender, email, phone) VALUES ( 'Angie Kimberley', 'sourcer', 'Male', 'akimberley2m@gov.uk', '295-941-5300');
INSERT INTO roster (name, role, gender, email, phone) VALUES ( 'Grantley Ben-Aharon', 'sourcer', 'Male', 'gbenaharon2n@cdbaby.com', '594-389-1208');
INSERT INTO roster (name, role, gender, email, phone) VALUES ( 'Demeter Wood', 'Manager', 'Female', 'dwood2o@studiopress.com', '492-654-0348');
INSERT INTO roster (name, role, gender, email, phone) VALUES ( 'Krysta Serridge', 'sourcer', 'Female', 'kserridge2p@businessweek.com', '658-717-1337');
INSERT INTO roster (name, role, gender, email, phone) VALUES ( 'Marlow Wroth', 'sourcer', 'Male', 'mwroth2q@sitemeter.com', '145-628-5089');
INSERT INTO roster (name, role, gender, email, phone) VALUES ( 'Gaby Pyrton', 'sourcer', 'Male', 'gpyrton2r@webeden.co.uk', '596-775-0644');
INSERT INTO roster (name, role, gender, email, phone) VALUES ( 'Stephie Korfmann', 'sourcer', 'Female', 'skorfmann2s@livejournal.com', '935-953-6959');
INSERT INTO roster (name, role, gender, email, phone) VALUES ( 'Adaline Dullingham', 'sourcer', 'Female', 'adullingham2t@dagondesign.com', '915-605-0603');
INSERT INTO roster (name, role, gender, email, phone) VALUES ( 'Stephen Coenraets', 'sourcer', 'Male', 'scoenraets2u@artisteer.com', '659-461-4592');
INSERT INTO roster (name, role, gender, email, phone) VALUES ( 'Henderson Nairns', 'sourcer', 'Male', 'hnairns2v@cisco.com', '506-423-2022');
INSERT INTO roster (name, role, gender, email, phone) VALUES ( 'Elizabeth Skrzynski', 'sourcer', 'Bigender', 'eskrzynski2w@homestead.com', '581-504-4692');
INSERT INTO roster (name, role, gender, email, phone) VALUES ( 'Domenico Moorrud', 'sourcer', 'Male', 'dmoorrud2x@engadget.com', '170-970-4531');
INSERT INTO roster (name, role, gender, email, phone) VALUES ( 'Fairlie Sanz', 'sourcer', 'Male', 'fsanz2y@list-manage.com', '587-353-4328');
INSERT INTO roster (name, role, gender, email, phone) VALUES ( 'Claudelle Rodrigo', 'sourcer', 'Female', 'crodrigo2z@vimeo.com', '733-633-5534');
INSERT INTO roster (name, role, gender, email, phone) VALUES ( 'Curt Feechum', 'sourcer', 'Male', 'cfeechum30@upenn.edu', '117-852-3835');
INSERT INTO roster (name, role, gender, email, phone) VALUES ( 'Obidiah Lauxmann', 'sourcer', 'Male', 'olauxmann31@mozilla.org', '121-668-7026');
INSERT INTO roster (name, role, gender, email, phone) VALUES ( 'Aylmar Garnsey', 'sourcer', 'Male', 'agarnsey32@google.com.hk', '425-723-9408');
INSERT INTO roster (name, role, gender, email, phone) VALUES ( 'Mirabelle Urwen', 'sourcer', 'Female', 'murwen33@theatlantic.com', '201-437-7133');
INSERT INTO roster (name, role, gender, email, phone) VALUES ( 'Randy Elkington', 'sourcer', 'Female', 'relkington34@vimeo.com', '953-753-7217');
INSERT INTO roster (name, role, gender, email, phone) VALUES ( 'Tony Hinchcliffe', 'sourcer', 'Female', 'thinchcliffe35@artisteer.com', '237-785-5557');
INSERT INTO roster (name, role, gender, email, phone) VALUES ( 'Roman Robilliard', 'sourcer', 'Male', 'rrobilliard36@home.pl', '916-792-0898');
INSERT INTO roster (name, role, gender, email, phone) VALUES ( 'Trescha Cutteridge', 'recruiter', 'Female', 'tcutteridge37@msu.edu', '520-701-9646');


-- Inserting all the clients
INSERT INTO client (client_name, internal_manager, external_manager, internal_manager_id) VALUES ('Dell Technologies', 'James Cameron', 'Judy Gamberland', 1);
INSERT INTO client (client_name, internal_manager, external_manager, internal_manager_id) VALUES ('American Express', 'James Cameron', 'Brett Astleford', 1);
INSERT INTO client (client_name, internal_manager, external_manager, internal_manager_id) VALUES ('Apple', 'James Cameron', 'Chan Shah', 1);
INSERT INTO client (client_name, internal_manager, external_manager, internal_manager_id) VALUES ('Exxon Mobil', 'James Cameron', 'Andres Nazzari', 1);
INSERT INTO client (client_name, internal_manager, external_manager, internal_manager_id) VALUES ('AT&T', 'James Cameron', 'Justine Carion', 1);
INSERT INTO client (client_name, internal_manager, external_manager, internal_manager_id) VALUES ('AIG', 'James Cameron', 'Lisa Mcdougal', 1);
INSERT INTO client (client_name, internal_manager, external_manager, internal_manager_id) VALUES ('Allstate', 'James Cameron', 'Belen Stratta', 1);
INSERT INTO client (client_name, internal_manager, external_manager, internal_manager_id) VALUES ('Amazon', 'James Cameron', 'Brian Snowdgrass', 1);
INSERT INTO client (client_name, internal_manager, external_manager, internal_manager_id) VALUES ('Citigroup', 'James Cameron', 'Amelio di Forloni', 1);
INSERT INTO client (client_name, internal_manager, external_manager, internal_manager_id) VALUES ('Cisco', 'James Cameron', 'Jake Sullivan', 1);


-- Iserting all the projects
INSERT INTO project (project_name, client_id) VALUES ('Dell Technologies', 1);
INSERT INTO project (project_name, client_id) VALUES ('American Express', 2);
INSERT INTO project (project_name, client_id) VALUES ('Apple', 3);
INSERT INTO project (project_name, client_id) VALUES ('Exxon Mobil', 4);
INSERT INTO project (project_name, client_id) VALUES ('AT&T', 5);
INSERT INTO project (project_name, client_id) VALUES ('AIG', 6);
INSERT INTO project (project_name, client_id) VALUES ('Allstate', 7);
INSERT INTO project (project_name, client_id) VALUES ('Amazon', 8);
INSERT INTO project (project_name, client_id) VALUES ('Citigroup Europe', 9);
INSERT INTO project (project_name, client_id) VALUES ('Cisco', 10);
INSERT INTO project (project_name, client_id) VALUES ('Cisco LatAm', 10);
INSERT INTO project (project_name, client_id) VALUES ('Citigroup America', 9);


-- Inserting stage data
INSERT INTO stage (name, description) VALUES ('Outreach','Candidate contacted');
INSERT INTO stage (name, description) VALUES ('RPS','Recruiter phone screen');
INSERT INTO stage (name, description) VALUES ('Assessment','Technical assessment');
INSERT INTO stage (name, description) VALUES ('HMPS','Hire manager phone screen');
INSERT INTO stage (name, description) VALUES ('Onsite','Client interview');
INSERT INTO stage (name, description) VALUES ('Offer','Offer shared');
INSERT INTO stage (name, description) VALUES ('Accepted','Offer accepted');
INSERT INTO stage (name, description) VALUES ('Rejected','Candidate rejected');


-- Inserting country data
INSERT INTO country (ISO,ISO3,numeric_code,name) VALUES ('AR','ARG',32,'Argentina');
INSERT INTO country (ISO,ISO3,numeric_code,name) VALUES ('BO','BOL',68,'Bolivia');
INSERT INTO country (ISO,ISO3,numeric_code,name) VALUES ('BR','BRA',76,'Brazil');
INSERT INTO country (ISO,ISO3,numeric_code,name) VALUES ('CA','CAN',124,'Canada');
INSERT INTO country (ISO,ISO3,numeric_code,name) VALUES ('CN','CHN',156,'China');
INSERT INTO country (ISO,ISO3,numeric_code,name) VALUES ('FR','FRA',250,'France');
INSERT INTO country (ISO,ISO3,numeric_code,name) VALUES ('DE','DEU',276,'Germany');
INSERT INTO country (ISO,ISO3,numeric_code,name) VALUES ('IT','ITA',380,'Italy');
INSERT INTO country (ISO,ISO3,numeric_code,name) VALUES ('RU','RUS',643,'Russia');
INSERT INTO country (ISO,ISO3,numeric_code,name) VALUES ('ES','ESP',724,'Spain');
INSERT INTO country (ISO,ISO3,numeric_code,name) VALUES ('US','USA',840,'United States');
INSERT INTO country (ISO,ISO3,numeric_code,name) VALUES ('UY','URY',858,'Uruguay');



-- Inserting city data
INSERT INTO city (country_id,name,lat,lng) VALUES (1,'Cordoba',-31.4167,-64.1833);
INSERT INTO city (country_id,name,lat,lng) VALUES (1,'Corrientes',-27.4833,-58.8167);
INSERT INTO city (country_id,name,lat,lng) VALUES (1,'Formosa',-26.1847,-58.1758);
INSERT INTO city (country_id,name,lat,lng) VALUES (1,'Mendoza',-32.8833,-68.8333);
INSERT INTO city (country_id,name,lat,lng) VALUES (1,'Rio Cuarto',-33.123,-64.3478);
INSERT INTO city (country_id,name,lat,lng) VALUES (1,'Buenos Aires',-34.5997,-58.3819);
INSERT INTO city (country_id,name,lat,lng) VALUES (2,'La Paz',-16.4942,-68.1475);
INSERT INTO city (country_id,name,lat,lng) VALUES (3,'Brasilia',-15.7939,-47.8828);
INSERT INTO city (country_id,name,lat,lng) VALUES (3,'Rio de Janeiro',-22.9083,-43.1964);
INSERT INTO city (country_id,name,lat,lng) VALUES (5,'Wuhan',30.5872,114.2881);
INSERT INTO city (country_id,name,lat,lng) VALUES (5,'Pekin',40.5679,-89.6262);
INSERT INTO city (country_id,name,lat,lng) VALUES (5,'Shanghai',31.1667,121.4667);
INSERT INTO city (country_id,name,lat,lng) VALUES (6,'Paris',48.8566,2.3522);
INSERT INTO city (country_id,name,lat,lng) VALUES (7,'Berlin',52.5167,13.3833);
INSERT INTO city (country_id,name,lat,lng) VALUES (8,'Rome',41.8931,12.4828);
INSERT INTO city (country_id,name,lat,lng) VALUES (9,'Moscow',55.7558,37.6178);
INSERT INTO city (country_id,name,lat,lng) VALUES (9,'Saint Petersburg',59.95,30.3167);
INSERT INTO city (country_id,name,lat,lng) VALUES (10,'Madrid',9.2667,125.9667);
INSERT INTO city (country_id,name,lat,lng) VALUES (10,'Barcelona',12.8667,124.1333);
INSERT INTO city (country_id,name,lat,lng) VALUES (11,'Washington',54.9,-1.52);
INSERT INTO city (country_id,name,lat,lng) VALUES (11,'New York',40.6943,-73.9249);
INSERT INTO city (country_id,name,lat,lng) VALUES (11,'Colorado City',36.9774,-112.983);
INSERT INTO city (country_id,name,lat,lng) VALUES (11,'San Francisco',16.8017,-89.9342);
INSERT INTO city (country_id,name,lat,lng) VALUES (11,'Ohio',40.5425,-80.0926);
INSERT INTO city (country_id,name,lat,lng) VALUES (11,'Texas City',29.4128,-94.9658);


-- Inserting all the roles
INSERT INTO role (title, start_date, client, project_id) VALUES ('Software engineer', '2022-07-24 00:00:00', 'American Express', 2);
INSERT INTO role (title, start_date, client, project_id) VALUES ('Software engineer', '2022-07-25 00:00:00', 'Dell Technologies', 1);
INSERT INTO role (title, start_date, client, project_id) VALUES ('Data scientist', '2022-07-25 00:00:00', 'Dell Technologies', 1);
INSERT INTO role (title, start_date, client, project_id) VALUES ('Chief Technical Officer', '2022-07-25 00:00:00', 'Apple', 3);
INSERT INTO role (title, start_date, client, project_id) VALUES ('Software engineer', '2022-08-30 00:00:00', 'American Express', 2);
INSERT INTO role (title, start_date, client, project_id) VALUES ('Software engineer', '2022-08-30 00:00:00', 'Apple', 3);
INSERT INTO role (title, start_date, client, project_id) VALUES ('Software engineer', '2022-08-30 00:00:00', 'Exxon Mobil', 4);
INSERT INTO role (title, start_date, client, project_id) VALUES ('Software engineer', '2022-08-30 00:00:00', 'American Express', 2);
INSERT INTO role (title, start_date, client, project_id) VALUES ('Software engineer', '2022-08-30 00:00:00', 'American Express', 2);
INSERT INTO role (title, start_date, client, project_id) VALUES ('Software engineer', '2022-08-30 00:00:00', 'American Express', 2);
INSERT INTO role (title, start_date, client, project_id) VALUES ('Data scientist', '2022-08-30 00:00:00', 'American Express', 2);
INSERT INTO role (title, start_date, client, project_id) VALUES ('Data scientist', '2022-08-30 00:00:00', 'Apple', 3);
INSERT INTO role (title, start_date, client, project_id) VALUES ('Data scientist', '2022-08-30 00:00:00', 'American Express', 2);
INSERT INTO role (title, start_date, client, project_id) VALUES ('Data scientist', '2022-08-30 00:00:00', 'Exxon Mobil', 4);
INSERT INTO role (title, start_date, client, project_id) VALUES ('Data scientist', '2022-08-30 00:00:00', 'American Express', 2);
INSERT INTO role (title, start_date, client, project_id) VALUES ('Data analyst', '2022-08-30 00:00:00', 'Exxon Mobil', 4);
INSERT INTO role (title, start_date, client, project_id) VALUES ('Data analyst', '2022-08-30 00:00:00', 'American Express', 2);
INSERT INTO role (title, start_date, client, project_id) VALUES ('Data analyst', '2022-08-30 00:00:00', 'Apple', 3);
INSERT INTO role (title, start_date, client, project_id) VALUES ('Data analyst', '2022-08-30 00:00:00', 'AT&T', 5);
INSERT INTO role (title, start_date, client, project_id) VALUES ('Data analyst', '2022-08-30 00:00:00', 'AT&T', 5);
INSERT INTO role (title, start_date, client, project_id) VALUES ('Data analyst', '2022-08-30 00:00:00', 'AT&T', 5);
INSERT INTO role (title, start_date, client, project_id) VALUES ('Data analyst', '2022-08-30 00:00:00', 'Exxon Mobil', 4);
INSERT INTO role (title, start_date, client, project_id) VALUES ('Backend developer', '2022-08-30 00:00:00', 'AT&T', 5);
INSERT INTO role (title, start_date, client, project_id) VALUES ('Backend developer', '2022-08-30 00:00:00', 'Dell Technologies', 1);
INSERT INTO role (title, start_date, client, project_id) VALUES ('Backend developer', '2022-08-30 00:00:00', 'Exxon Mobil', 4);
INSERT INTO role (title, start_date, client, project_id) VALUES ('Backend developer', '2022-08-30 00:00:00', 'Exxon Mobil', 4);


-- Inserting all the requisitions
INSERT INTO requisition (start_date, seniority, role_id, city_id) VALUES ('2022-07-24 00:00:00', 'Junior', 1, 1);
INSERT INTO requisition (start_date, seniority, role_id, city_id) VALUES ('2022-07-24 00:00:00', 'Senior', 1, 1);
INSERT INTO requisition (start_date, seniority, role_id, city_id) VALUES ('2022-07-24 00:00:00', 'Senior', 1, 1);
INSERT INTO requisition (start_date, seniority, role_id, city_id) VALUES ('2022-07-25 00:00:00', 'Lead', 4, 12);
INSERT INTO requisition (start_date, seniority, role_id, city_id) VALUES ('2022-08-30 00:00:00', 'Senior', 9, 12);
INSERT INTO requisition (start_date, seniority, role_id, city_id) VALUES ('2022-08-30 00:00:00', 'Senior', 10, 12);
INSERT INTO requisition (start_date, seniority, role_id, city_id) VALUES ('2022-08-30 00:00:00', 'Semi senior', 5, 6);
INSERT INTO requisition (start_date, seniority, role_id, city_id) VALUES ('2022-09-30 00:00:00', 'Junior', 26, 6);
INSERT INTO requisition (start_date, seniority, role_id, city_id) VALUES ('2022-07-25 00:00:00', 'Junior', 3, 6);
INSERT INTO requisition (start_date, seniority, role_id, city_id) VALUES ('2022-07-25 00:00:00', 'Semi senior', 2, 6);
INSERT INTO requisition (start_date, seniority, role_id, city_id) VALUES ('2022-08-30 00:00:00', 'Semi senior', 7, 6);
INSERT INTO requisition (start_date, seniority, role_id, city_id) VALUES ('2022-08-30 00:00:00', 'Semi senior', 11, 6);
INSERT INTO requisition (start_date, seniority, role_id, city_id) VALUES ('2022-08-30 00:00:00', 'Semi senior', 15, 6);
INSERT INTO requisition (start_date, seniority, role_id, city_id) VALUES ('2022-08-30 00:00:00', 'Semi senior', 9, 6);
INSERT INTO requisition (start_date, seniority, role_id, city_id) VALUES ('2022-08-30 00:00:00', 'Lead', 20, 6);
INSERT INTO requisition (start_date, seniority, role_id, city_id) VALUES ('2022-07-25 00:00:00', 'Semi senior', 3, 6);
INSERT INTO requisition (start_date, seniority, role_id, city_id) VALUES ('2022-08-30 00:00:00', 'Semi senior', 25, 6);
INSERT INTO requisition (start_date, seniority, role_id, city_id) VALUES ('2022-08-30 00:00:00', 'Senior', 10, 6);
INSERT INTO requisition (start_date, seniority, role_id, city_id) VALUES ('2022-08-30 00:00:00', 'Junior', 5, 5);
INSERT INTO requisition (start_date, seniority, role_id, city_id) VALUES ('2022-08-30 00:00:00', 'Senior', 6, 5);
INSERT INTO requisition (start_date, seniority, role_id, city_id) VALUES ('2022-08-30 00:00:00', 'Junior', 14, 16);
INSERT INTO requisition (start_date, seniority, role_id, city_id) VALUES ('2022-08-30 00:00:00', 'Senior', 17, 18);
INSERT INTO requisition (start_date, seniority, role_id, city_id) VALUES ('2022-07-24 00:00:00', 'Junior', 1, 18);
INSERT INTO requisition (start_date, seniority, role_id, city_id) VALUES ('2022-07-25 00:00:00', 'Semi senior', 2, 6);
INSERT INTO requisition (start_date, seniority, role_id, city_id) VALUES ('2022-08-30 00:00:00', 'Junior', 5, 6);
INSERT INTO requisition (start_date, seniority, role_id, city_id) VALUES ('2022-07-25 00:00:00', 'Lead', 3, 6);
INSERT INTO requisition (start_date, seniority, role_id, city_id) VALUES ('2022-08-30 00:00:00', 'Junior', 17, 6);
INSERT INTO requisition (start_date, seniority, role_id, city_id) VALUES ('2022-08-30 00:00:00', 'Semi senior', 19, 6);
INSERT INTO requisition (start_date, seniority, role_id, city_id) VALUES ('2022-08-30 00:00:00', 'Semi senior', 11, 6);
INSERT INTO requisition (start_date, seniority, role_id, city_id) VALUES ('2022-08-30 00:00:00', 'Junior', 11, 18);
INSERT INTO requisition (start_date, seniority, role_id, city_id) VALUES ('2022-07-24 00:00:00', 'Lead', 1, 18);
INSERT INTO requisition (start_date, seniority, role_id, city_id) VALUES ('2022-08-30 00:00:00', 'Junior', 5, 18);
INSERT INTO requisition (start_date, seniority, role_id, city_id) VALUES ('2022-08-30 00:00:00', 'Semi senior', 9, 18);
INSERT INTO requisition (start_date, seniority, role_id, city_id) VALUES ('2022-08-30 00:00:00', 'Semi senior', 8, 18);
INSERT INTO requisition (start_date, seniority, role_id, city_id) VALUES ('2022-08-30 00:00:00', 'Junior', 18, 18);
INSERT INTO requisition (start_date, seniority, role_id, city_id) VALUES ('2022-08-30 00:00:00', 'Lead', 12, 18);
INSERT INTO requisition (start_date, seniority, role_id, city_id) VALUES ('2022-08-30 00:00:00', 'Junior', 13, 18);
INSERT INTO requisition (start_date, seniority, role_id, city_id) VALUES ('2022-08-30 00:00:00', 'Semi senior', 16, 18);


-- Inserting all the candidates
INSERT INTO candidate (name, email, phone, linkedin) VALUES ('Auguste Maudett', 'amaudett0@oracle.com', '172-763-3557', 'linkedin.com/in/augustemaudett/');
INSERT INTO candidate (name, email, phone, linkedin) VALUES ('Sharlene Josling', 'sjosling1@epa.gov', '394-950-0463', 'linkedin.com/in/sharlenejosling');
INSERT INTO candidate (name, email, phone, linkedin) VALUES ('Angelique Maypole', 'amaypole2@apache.org', '393-235-9946', 'linkedin.com/in/angeliquemaypole');
INSERT INTO candidate (name, email, phone, linkedin) VALUES ('Harlen Abbate', 'habbate3@google.fr', '629-460-1044', 'linkedin.com/in/harlenabbate');
INSERT INTO candidate (name, email, phone, linkedin) VALUES ('Janis Baccus', 'jbaccus4@google.com.br', '792-534-7880', 'linkedin.com/in/janisbaccus');
INSERT INTO candidate (name, email, phone, linkedin) VALUES ('Maddie Clover', 'mclover5@salon.com', '608-784-3384', 'linkedin.com/in/maddieclover');
INSERT INTO candidate (name, email, phone, linkedin) VALUES ('Ara Beaze', 'abeaze6@phpbb.com', '449-247-4850', 'linkedin.com/in/arabeaze');
INSERT INTO candidate (name, email, phone, linkedin) VALUES ('Allissa Bancroft', 'abancroft7@diigo.com', '829-519-4709', 'linkedin.com/in/allissabancroft');
INSERT INTO candidate (name, email, phone, linkedin) VALUES ('Anthia Kitching', 'akitching8@unblog.fr', '119-913-2948', 'linkedin.com/in/anthiakitching');
INSERT INTO candidate (name, email, phone, linkedin) VALUES ('Ermina Bhar', 'ebhar9@icio.us', '630-891-1601', 'linkedin.com/in/erminabhar');
INSERT INTO candidate (name, email, phone, linkedin) VALUES ('Fredric Dufer', 'fdufera@wordpress.org', '522-481-3525', 'linkedin.com/in/fredricdufer');
INSERT INTO candidate (name, email, phone, linkedin) VALUES ('Sauveur McGettigan', 'smcgettiganb@tuttocitta.it', '335-511-2388', 'linkedin.com/in/sauveurmcGettigan');
INSERT INTO candidate (name, email, phone, linkedin) VALUES ('Eamon Boosey', 'ebooseyc@hc360.com', '970-197-7741', 'linkedin.com/in/eamonboosey');
INSERT INTO candidate (name, email, phone, linkedin) VALUES ('Hestia Callendar', 'hcallendard@hugedomains.com', '859-628-0772', 'linkedin.com/in/hestiacallendar');
INSERT INTO candidate (name, email, phone, linkedin) VALUES ('Booth Brownsmith', 'bbrownsmithe@delicious.com', '951-231-8542', 'linkedin.com/in/boothbrownsmith');


-- Inserting funnel activity
INSERT INTO funnel (date, candidate_id, stage_id, requisition_id, roster_id) VALUES ('2022-08-30 00:00:00', 1, 1, 5, 5);
INSERT INTO funnel (date, candidate_id, stage_id, requisition_id, roster_id) VALUES ('2022-08-31 00:00:00', 1, 2, 5, 5);
INSERT INTO funnel (date, candidate_id, stage_id, requisition_id, roster_id) VALUES ('2022-08-30 00:00:00', 2, 1, 5, 11);
INSERT INTO funnel (date, candidate_id, stage_id, requisition_id, roster_id) VALUES ('2022-08-30 00:00:00', 3, 1, 14, 13);
INSERT INTO funnel (date, candidate_id, stage_id, requisition_id, roster_id) VALUES ('2022-09-01 00:00:00', 3, 2, 14, 13);
INSERT INTO funnel (date, candidate_id, stage_id, requisition_id, roster_id) VALUES ('2022-09-02 00:00:00', 3, 3, 14, 13);
INSERT INTO funnel (date, candidate_id, stage_id, requisition_id, roster_id) VALUES ('2022-08-30 00:00:00', 4, 1, 14, 25);
INSERT INTO funnel (date, candidate_id, stage_id, requisition_id, roster_id) VALUES ('2022-09-02 00:00:00', 4, 2, 14, 25);
INSERT INTO funnel (date, candidate_id, stage_id, requisition_id, roster_id) VALUES ('2022-08-30 00:00:00', 5, 1, 21, 65);
INSERT INTO funnel (date, candidate_id, stage_id, requisition_id, roster_id) VALUES ('2022-09-02 00:00:00', 5, 2, 21, 65);
INSERT INTO funnel (date, candidate_id, stage_id, requisition_id, roster_id) VALUES ('2022-08-30 00:00:00', 6, 1, 5, 50);
INSERT INTO funnel (date, candidate_id, stage_id, requisition_id, roster_id) VALUES ('2022-07-25 00:00:00', 7, 1, 10, 33);
INSERT INTO funnel (date, candidate_id, stage_id, requisition_id, roster_id) VALUES ('2022-08-30 00:00:00', 8, 1, 20, 15);
INSERT INTO funnel (date, candidate_id, stage_id, requisition_id, roster_id) VALUES ('2022-09-02 00:00:00', 8, 2, 20, 15);
INSERT INTO funnel (date, candidate_id, stage_id, requisition_id, roster_id) VALUES ('2022-07-25 00:00:00', 9, 1, 10, 2);
INSERT INTO funnel (date, candidate_id, stage_id, requisition_id, roster_id) VALUES ('2022-08-30 00:00:00', 10, 1, 15, 21);
INSERT INTO funnel (date, candidate_id, stage_id, requisition_id, roster_id) VALUES ('2022-09-02 00:00:00', 10, 2, 15, 21);
INSERT INTO funnel (date, candidate_id, stage_id, requisition_id, roster_id) VALUES ('2022-09-05 00:00:00', 10, 3, 15, 21);