-- Use the correct schema
use talent_wise;


-- Inserting all the roster members
insert into roster (name, role, gender, email, phone) values ('James Cameron', 'manager', 'Male', 'jamescameron@cpanel.net', '369-815-1352');
insert into roster (name, role, gender, email, phone) values ('Alanson Mutlow', 'sourcer', 'Male', 'amutlow0@cpanel.net', '369-815-1858');
insert into roster (name, role, gender, email, phone) values ('Nicolea Kahan', 'sourcer', 'Female', 'nkahan1@google.nl', '887-947-1825');
insert into roster (name, role, gender, email, phone) values ( 'Thorvald Heggadon', 'sourcer', 'Male', 'theggadon2@wired.com', '800-852-4886');
insert into roster (name, role, gender, email, phone) values ( 'Pennie Brister', 'sourcer', 'Female', 'pbrister3@pbs.org', '622-141-0572');
insert into roster (name, role, gender, email, phone) values ( 'Midge Vinecombe', 'recruiter', 'Female', 'mvinecombe4@zdnet.com', '637-176-7408');
insert into roster (name, role, gender, email, phone) values ( 'Ahmed Hubane', 'sourcer', 'Male', 'ahubane5@spotify.com', '159-349-9876');
insert into roster (name, role, gender, email, phone) values ( 'Margeaux Fielder', 'sourcer', 'Female', 'mfielder6@eepurl.com', '801-452-2841');
insert into roster (name, role, gender, email, phone) values ( 'Spence Polding', 'sourcer', 'Bigender', 'spolding7@macromedia.com', '979-811-9047');
insert into roster (name, role, gender, email, phone) values ( 'Keir De Souza', 'recruiter', 'Male', 'kde8@icq.com', '130-168-1534');
insert into roster (name, role, gender, email, phone) values ( 'Marietta Benge', 'sourcer', 'Male', 'mbenge9@msn.com', '770-898-4652');
insert into roster (name, role, gender, email, phone) values ( 'Brandise Vasile', 'sourcer', 'Female', 'bvasilea@spotify.com', '795-945-7976');
insert into roster (name, role, gender, email, phone) values ( 'Antons Groucock', 'sourcer', 'Male', 'agroucockb@europa.eu', '818-860-5510');
insert into roster (name, role, gender, email, phone) values ( 'Arlina Stenton', 'recruiter', 'Female', 'astentonc@canalblog.com', '630-269-1634');
insert into roster (name, role, gender, email, phone) values ( 'Gifford Blomefield', 'sourcer', 'Polygender', 'gblomefieldd@ftc.gov', '638-313-4361');
insert into roster (name, role, gender, email, phone) values ( 'Kissiah St. Hill', 'recruiter', 'Bigender', 'kste@comcast.net', '381-308-2924');
insert into roster (name, role, gender, email, phone) values ( 'Jocelyne Kinig', 'sourcer', 'Female', 'jkinigf@sakura.ne.jp', '921-190-8729');
insert into roster (name, role, gender, email, phone) values ( 'Alison Drysdale', 'sourcer', 'Female', 'adrysdaleg@weibo.com', '839-372-8394');
insert into roster (name, role, gender, email, phone) values ( 'Ken Feye', 'sourcer', 'Male', 'kfeyeh@vk.com', '390-498-5530');
insert into roster (name, role, gender, email, phone) values ( 'Archer Michelin', 'sourcer', 'Male', 'amichelini@wufoo.com', '799-264-0349');
insert into roster (name, role, gender, email, phone) values ( 'Doti Atthowe', 'sourcer', 'Polygender', 'datthowej@eepurl.com', '724-719-9612');
insert into roster (name, role, gender, email, phone) values ( 'Morley Trotton', 'recruiter', 'Male', 'mtrottonk@usda.gov', '966-195-4590');
insert into roster (name, role, gender, email, phone) values ( 'Maximilian Walrond', 'sourcer', 'Male', 'mwalrondl@addtoany.com', '514-948-5675');
insert into roster (name, role, gender, email, phone) values ( 'Taddeo Lytell', 'sourcer', 'Bigender', 'tlytellm@elpais.com', '491-346-1365');
insert into roster (name, role, gender, email, phone) values ( 'Algernon Harce', 'sourcer', 'Male', 'aharcen@umich.edu', '928-436-0876');
insert into roster (name, role, gender, email, phone) values ( 'Frederique Collin', 'recruiter', 'Female', 'fcollino@bizjournals.com', '934-150-1325');
insert into roster (name, role, gender, email, phone) values ( 'Willetta Traher', 'sourcer', 'Female', 'wtraherp@163.com', '860-971-6272');
insert into roster (name, role, gender, email, phone) values ( 'Gordan Limeburn', 'sourcer', 'Male', 'glimeburnq@istockphoto.com', '134-416-3404');
insert into roster (name, role, gender, email, phone) values ( 'Hermann Carlon', 'sourcer', 'Male', 'hcarlonr@mozilla.com', '719-487-8395');
insert into roster (name, role, gender, email, phone) values ( 'Andris Karp', 'sourcer', 'Male', 'akarps@mapquest.com', '800-982-3048');
insert into roster (name, role, gender, email, phone) values ( 'Inigo Chishull', 'sourcer', 'Male', 'ichishullt@infoseek.co.jp', '843-260-2319');
insert into roster (name, role, gender, email, phone) values ( 'Tonnie Gadie', 'sourcer', 'Polygender', 'tgadieu@howstuffworks.com', '820-214-4923');
insert into roster (name, role, gender, email, phone) values ( 'Isis Vivash', 'sourcer', 'Female', 'ivivashw@homestead.com', '377-601-3058');
insert into roster (name, role, gender, email, phone) values ( 'Erminia Brunini', 'recruiter', 'Female', 'ebruninix@bbc.co.uk', '991-840-2488');
insert into roster (name, role, gender, email, phone) values ( 'Harrie Dowson', 'sourcer', 'Female', 'hdowsony@globo.com', '996-644-5051');
insert into roster (name, role, gender, email, phone) values ( 'Berne Welden', 'sourcer', 'Male', 'bweldenz@mit.edu', '574-530-5947');
insert into roster (name, role, gender, email, phone) values ( 'Casey Rentoll', 'sourcer', 'Male', 'crentoll10@cloudflare.com', '169-979-7524');
insert into roster (name, role, gender, email, phone) values ( 'Christophorus Mohun', 'sourcer', 'Male', 'cmohun11@rediff.com', '739-652-8956');
insert into roster (name, role, gender, email, phone) values ( 'Gavan Woodhouse', 'sourcer', 'Male', 'gwoodhouse12@state.tx.us', '842-626-5827');
insert into roster (name, role, gender, email, phone) values ( 'Lulita Arnaut', 'sourcer', 'Female', 'larnaut13@youku.com', '878-155-6848');
insert into roster (name, role, gender, email, phone) values ( 'Sylvan Elstow', 'sourcer', 'Male', 'selstow14@domainmarket.com', '947-210-4310');
insert into roster (name, role, gender, email, phone) values ( 'Hazlett Auty', 'sourcer', 'Male', 'hauty15@si.edu', '162-784-1739');
insert into roster (name, role, gender, email, phone) values ( 'Hadlee Laugherane', 'sourcer', 'Male', 'hlaugherane16@state.tx.us', '964-517-0401');
insert into roster (name, role, gender, email, phone) values ( 'Leigh Canaan', 'sourcer', 'Female', 'lcanaan17@wsj.com', '645-691-3921');
insert into roster (name, role, gender, email, phone) values ( 'Genvieve Windows', 'sourcer', 'Female', 'gwindows18@ucsd.edu', '308-261-7874');
insert into roster (name, role, gender, email, phone) values ( 'Reese Kisar', 'sourcer', 'Male', 'rkisar19@answers.com', '102-527-9855');
insert into roster (name, role, gender, email, phone) values ( 'Myrlene Mellmer', 'sourcer', 'Female', 'mmellmer1a@yale.edu', '427-797-3842');
insert into roster (name, role, gender, email, phone) values ( 'Burnaby Millhill', 'sourcer', 'Male', 'bmillhill1b@sphinn.com', '104-164-7067');
insert into roster (name, role, gender, email, phone) values ( 'Elinor Cleary', 'sourcer', 'Female', 'ecleary1c@cnn.com', '510-497-9881');
insert into roster (name, role, gender, email, phone) values ( 'Margery Kuzemka', 'sourcer', 'Polygender', 'mkuzemka1d@whitehouse.gov', '623-319-7194');
insert into roster (name, role, gender, email, phone) values ( 'Colas Ealden', 'sourcer', 'Male', 'cealden1e@nationalgeographic.com', '844-507-3816');
insert into roster (name, role, gender, email, phone) values ( 'Madelle Seeger', 'sourcer', 'Female', 'mseeger1f@canalblog.com', '185-119-9533');
insert into roster (name, role, gender, email, phone) values ( 'Terencio Beaves', 'sourcer', 'Male', 'tbeaves1g@nymag.com', '516-876-3808');
insert into roster (name, role, gender, email, phone) values ( 'Jewel Gladdor', 'sourcer', 'Female', 'jgladdor1h@netvibes.com', '433-477-7267');
insert into roster (name, role, gender, email, phone) values ( 'Irving Docharty', 'sourcer', 'Male', 'idocharty1i@skype.com', '158-859-7365');
insert into roster (name, role, gender, email, phone) values ( 'Kassi Alfonsetto', 'sourcer', 'Female', 'kalfonsetto1j@wired.com', '734-101-4860');
insert into roster (name, role, gender, email, phone) values ( 'Grier Jouanet', 'sourcer', 'Female', 'gjouanet1k@disqus.com', '962-885-6852');
insert into roster (name, role, gender, email, phone) values ( 'Teodoor Abbey', 'Manager', 'Male', 'tabbey1l@freewebs.com', '556-450-2699');
insert into roster (name, role, gender, email, phone) values ( 'Joann Hinkley', 'sourcer', 'Female', 'jhinkley1n@weibo.com', '813-358-5134');
insert into roster (name, role, gender, email, phone) values ( 'Brittne Frensch', 'sourcer', 'Female', 'bfrensch1o@jigsy.com', '137-952-0986');
insert into roster (name, role, gender, email, phone) values ( 'Antone Questier', 'sourcer', 'Male', 'aquestier1p@java.com', '632-633-6933');
insert into roster (name, role, gender, email, phone) values ( 'Adlai Sloan', 'sourcer', 'Male', 'asloan1q@hatena.ne.jp', '845-527-5665');
insert into roster (name, role, gender, email, phone) values ( 'Ashia Matysik', 'sourcer', 'Female', 'amatysik1r@slideshare.net', '226-212-4361');
insert into roster (name, role, gender, email, phone) values ( 'Charline MacKomb', 'sourcer', 'Female', 'cmackomb1s@netvibes.com', '593-207-6867');
insert into roster (name, role, gender, email, phone) values ( 'Beverie Penketh', 'sourcer', 'Female', 'bpenketh1t@state.gov', '506-477-2500');
insert into roster (name, role, gender, email, phone) values ( 'Corrinne Gannicleff', 'recruiter', 'Female', 'cgannicleff1u@woothemes.com', '936-565-1272');
insert into roster (name, role, gender, email, phone) values ( 'Kinsley Stallebrass', 'recruiter', 'Male', 'kstallebrass1v@tumblr.com', '574-265-8630');
insert into roster (name, role, gender, email, phone) values ( 'Peterus Gregoratti', 'sourcer', 'Male', 'pgregoratti1w@seattletimes.com', '228-401-0131');
insert into roster (name, role, gender, email, phone) values ( 'Rahel Spraggon', 'sourcer', 'Female', 'rspraggon1x@bing.com', '131-196-3269');
insert into roster (name, role, gender, email, phone) values ( 'Jerome Tootal', 'sourcer', 'Polygender', 'jtootal1y@surveymonkey.com', '505-823-6665');
insert into roster (name, role, gender, email, phone) values ( 'Walther Hackleton', 'sourcer', 'Male', 'whackleton1z@umn.edu', '625-519-8206');
insert into roster (name, role, gender, email, phone) values ( 'Raye Rowthorne', 'sourcer', 'Female', 'rrowthorne20@unesco.org', '616-751-3078');
insert into roster (name, role, gender, email, phone) values ( 'Alla De Zuani', 'sourcer', 'Genderqueer', 'ade21@hp.com', '740-693-4317');
insert into roster (name, role, gender, email, phone) values ( 'Ford Sabbin', 'sourcer', 'Bigender', 'fsabbin22@sciencedaily.com', '372-846-1377');
insert into roster (name, role, gender, email, phone) values ( 'Lanny Lambertazzi', 'sourcer', 'Male', 'llambertazzi23@samsung.com', '544-753-2655');
insert into roster (name, role, gender, email, phone) values ( 'Leonelle Abad', 'sourcer', 'Female', 'labad24@marriott.com', '768-569-9963');
insert into roster (name, role, gender, email, phone) values ( 'Ninette Gumly', 'sourcer', 'Female', 'ngumly25@networkadvertising.org', '104-302-5748');
insert into roster (name, role, gender, email, phone) values ( 'Cal Yakunikov', 'sourcer', 'Male', 'cyakunikov26@parallels.com', '416-758-8499');
insert into roster (name, role, gender, email, phone) values ( 'Ian Roo', 'sourcer', 'Male', 'iroo27@smh.com.au', '212-159-5219');
insert into roster (name, role, gender, email, phone) values ( 'Gilberta Ghilks', 'sourcer', 'Female', 'gghilks28@cornell.edu', '555-469-2419');
insert into roster (name, role, gender, email, phone) values ( 'Alair Toyne', 'sourcer', 'Male', 'atoyne2a@marketwatch.com', '726-665-9684');
insert into roster (name, role, gender, email, phone) values ( 'Emory Lancley', 'sourcer', 'Male', 'elancley2c@nymag.com', '476-320-2163');
insert into roster (name, role, gender, email, phone) values ( 'Erroll Silver', 'sourcer', 'Male', 'esilver2d@ifeng.com', '796-187-2378');
insert into roster (name, role, gender, email, phone) values ( 'Genvieve Comrie', 'sourcer', 'Female', 'gcomrie2e@webmd.com', '982-359-9751');
insert into roster (name, role, gender, email, phone) values ( 'Drusilla Slyvester', 'recruiter', 'Female', 'dslyvester2f@digg.com', '319-398-3327');
insert into roster (name, role, gender, email, phone) values ( 'Mab Slite', 'sourcer', 'Female', 'mslite2g@mediafire.com', '907-934-2791');
insert into roster (name, role, gender, email, phone) values ( 'Nathanial Rosencrantz', 'Manager', 'Male', 'nrosencrantz2h@homestead.com', '974-797-7892');
insert into roster (name, role, gender, email, phone) values ( 'Herminia Kiezler', 'sourcer', 'Female', 'hkiezler2i@google.pl', '711-394-7541');
insert into roster (name, role, gender, email, phone) values ( 'Olenka Studders', 'sourcer', 'Female', 'ostudders2j@wordpress.org', '791-932-2843');
insert into roster (name, role, gender, email, phone) values ( 'Kayle Jeschner', 'sourcer', 'Female', 'kjeschner2k@instagram.com', '533-692-4388');
insert into roster (name, role, gender, email, phone) values ( 'Isabelle McAlister', 'sourcer', 'Female', 'imcalister2l@theatlantic.com', '972-505-1583');
insert into roster (name, role, gender, email, phone) values ( 'Angie Kimberley', 'sourcer', 'Male', 'akimberley2m@gov.uk', '295-941-5300');
insert into roster (name, role, gender, email, phone) values ( 'Grantley Ben-Aharon', 'sourcer', 'Male', 'gbenaharon2n@cdbaby.com', '594-389-1208');
insert into roster (name, role, gender, email, phone) values ( 'Demeter Wood', 'Manager', 'Female', 'dwood2o@studiopress.com', '492-654-0348');
insert into roster (name, role, gender, email, phone) values ( 'Krysta Serridge', 'sourcer', 'Female', 'kserridge2p@businessweek.com', '658-717-1337');
insert into roster (name, role, gender, email, phone) values ( 'Marlow Wroth', 'sourcer', 'Male', 'mwroth2q@sitemeter.com', '145-628-5089');
insert into roster (name, role, gender, email, phone) values ( 'Gaby Pyrton', 'sourcer', 'Male', 'gpyrton2r@webeden.co.uk', '596-775-0644');
insert into roster (name, role, gender, email, phone) values ( 'Stephie Korfmann', 'sourcer', 'Female', 'skorfmann2s@livejournal.com', '935-953-6959');
insert into roster (name, role, gender, email, phone) values ( 'Adaline Dullingham', 'sourcer', 'Female', 'adullingham2t@dagondesign.com', '915-605-0603');
insert into roster (name, role, gender, email, phone) values ( 'Stephen Coenraets', 'sourcer', 'Male', 'scoenraets2u@artisteer.com', '659-461-4592');
insert into roster (name, role, gender, email, phone) values ( 'Henderson Nairns', 'sourcer', 'Male', 'hnairns2v@cisco.com', '506-423-2022');
insert into roster (name, role, gender, email, phone) values ( 'Elizabeth Skrzynski', 'sourcer', 'Bigender', 'eskrzynski2w@homestead.com', '581-504-4692');
insert into roster (name, role, gender, email, phone) values ( 'Domenico Moorrud', 'sourcer', 'Male', 'dmoorrud2x@engadget.com', '170-970-4531');
insert into roster (name, role, gender, email, phone) values ( 'Fairlie Sanz', 'sourcer', 'Male', 'fsanz2y@list-manage.com', '587-353-4328');
insert into roster (name, role, gender, email, phone) values ( 'Claudelle Rodrigo', 'sourcer', 'Female', 'crodrigo2z@vimeo.com', '733-633-5534');
insert into roster (name, role, gender, email, phone) values ( 'Curt Feechum', 'sourcer', 'Male', 'cfeechum30@upenn.edu', '117-852-3835');
insert into roster (name, role, gender, email, phone) values ( 'Obidiah Lauxmann', 'sourcer', 'Male', 'olauxmann31@mozilla.org', '121-668-7026');
insert into roster (name, role, gender, email, phone) values ( 'Aylmar Garnsey', 'sourcer', 'Male', 'agarnsey32@google.com.hk', '425-723-9408');
insert into roster (name, role, gender, email, phone) values ( 'Mirabelle Urwen', 'sourcer', 'Female', 'murwen33@theatlantic.com', '201-437-7133');
insert into roster (name, role, gender, email, phone) values ( 'Randy Elkington', 'sourcer', 'Female', 'relkington34@vimeo.com', '953-753-7217');
insert into roster (name, role, gender, email, phone) values ( 'Tony Hinchcliffe', 'sourcer', 'Female', 'thinchcliffe35@artisteer.com', '237-785-5557');
insert into roster (name, role, gender, email, phone) values ( 'Roman Robilliard', 'sourcer', 'Male', 'rrobilliard36@home.pl', '916-792-0898');
insert into roster (name, role, gender, email, phone) values ( 'Trescha Cutteridge', 'recruiter', 'Female', 'tcutteridge37@msu.edu', '520-701-9646');


-- Inserting all the clients
insert into client (client_name, internal_manager, external_manager, internal_manager_id) values ('Dell Technologies', 'James Cameron', 'Judy Gamberland', 1);
insert into client (client_name, internal_manager, external_manager, internal_manager_id) values ('American Express', 'James Cameron', 'Brett Astleford', 1);
insert into client (client_name, internal_manager, external_manager, internal_manager_id) values ('Apple', 'James Cameron', 'Chan Shah', 1);
insert into client (client_name, internal_manager, external_manager, internal_manager_id) values ('Exxon Mobil', 'James Cameron', 'Andres Nazzari', 1);
insert into client (client_name, internal_manager, external_manager, internal_manager_id) values ('AT&T', 'James Cameron', 'Justine Carion', 1);
insert into client (client_name, internal_manager, external_manager, internal_manager_id) values ('AIG', 'James Cameron', 'Lisa Mcdougal', 1);
insert into client (client_name, internal_manager, external_manager, internal_manager_id) values ('Allstate', 'James Cameron', 'Belen Stratta', 1);
insert into client (client_name, internal_manager, external_manager, internal_manager_id) values ('Amazon', 'James Cameron', 'Brian Snowdgrass', 1);
insert into client (client_name, internal_manager, external_manager, internal_manager_id) values ('Citigroup', 'James Cameron', 'Amelio di Forloni', 1);
insert into client (client_name, internal_manager, external_manager, internal_manager_id) values ('Cisco', 'James Cameron', 'Jake Sullivan', 1);


-- Iserting all the projects
insert into project (project_name, client_id) values ('Dell Technologies', 1);
insert into project (project_name, client_id) values ('American Express', 2);
insert into project (project_name, client_id) values ('Apple', 3);
insert into project (project_name, client_id) values ('Exxon Mobil', 4);
insert into project (project_name, client_id) values ('AT&T', 5);
insert into project (project_name, client_id) values ('AIG', 6);
insert into project (project_name, client_id) values ('Allstate', 7);
insert into project (project_name, client_id) values ('Amazon', 8);
insert into project (project_name, client_id) values ('Citigroup Europe', 9);
insert into project (project_name, client_id) values ('Cisco', 10);
insert into project (project_name, client_id) values ('Cisco LatAm', 10);
insert into project (project_name, client_id) values ('Citigroup America', 9);


-- Inserting stage data
insert into stage (name, description) values ('Outreach','Candidate contacted');
insert into stage (name, description) values ('RPS','Recruiter phone screen');
insert into stage (name, description) values ('Assessment','Technical assessment');
insert into stage (name, description) values ('HMPS','Hire manager phone screen');
insert into stage (name, description) values ('Onsite','Client interview');
insert into stage (name, description) values ('Offer','Offer shared');
insert into stage (name, description) values ('Accepted','Offer accepted');
insert into stage (name, description) values ('Rejected','Candidate rejected');


-- Inserting country data
insert into country (ISO,ISO3,numeric_code,name) values ('AR','ARG',32,'Argentina');
insert into country (ISO,ISO3,numeric_code,name) values ('BO','BOL',68,'Bolivia');
insert into country (ISO,ISO3,numeric_code,name) values ('BR','BRA',76,'Brazil');
insert into country (ISO,ISO3,numeric_code,name) values ('CA','CAN',124,'Canada');
insert into country (ISO,ISO3,numeric_code,name) values ('CN','CHN',156,'China');
insert into country (ISO,ISO3,numeric_code,name) values ('FR','FRA',250,'France');
insert into country (ISO,ISO3,numeric_code,name) values ('DE','DEU',276,'Germany');
insert into country (ISO,ISO3,numeric_code,name) values ('IT','ITA',380,'Italy');
insert into country (ISO,ISO3,numeric_code,name) values ('RU','RUS',643,'Russia');
insert into country (ISO,ISO3,numeric_code,name) values ('ES','ESP',724,'Spain');
insert into country (ISO,ISO3,numeric_code,name) values ('US','USA',840,'United States');
insert into country (ISO,ISO3,numeric_code,name) values ('UY','URY',858,'Uruguay');



-- Inserting city data
insert into city (country_id,name,lat,lng) values (1,'Cordoba',-31.4167,-64.1833);
insert into city (country_id,name,lat,lng) values (1,'Corrientes',-27.4833,-58.8167);
insert into city (country_id,name,lat,lng) values (1,'Formosa',-26.1847,-58.1758);
insert into city (country_id,name,lat,lng) values (1,'Mendoza',-32.8833,-68.8333);
insert into city (country_id,name,lat,lng) values (1,'Rio Cuarto',-33.123,-64.3478);
insert into city (country_id,name,lat,lng) values (1,'Buenos Aires',-34.5997,-58.3819);
insert into city (country_id,name,lat,lng) values (2,'La Paz',-16.4942,-68.1475);
insert into city (country_id,name,lat,lng) values (3,'Brasilia',-15.7939,-47.8828);
insert into city (country_id,name,lat,lng) values (3,'Rio de Janeiro',-22.9083,-43.1964);
insert into city (country_id,name,lat,lng) values (5,'Wuhan',30.5872,114.2881);
insert into city (country_id,name,lat,lng) values (5,'Pekin',40.5679,-89.6262);
insert into city (country_id,name,lat,lng) values (5,'Shanghai',31.1667,121.4667);
insert into city (country_id,name,lat,lng) values (6,'Paris',48.8566,2.3522);
insert into city (country_id,name,lat,lng) values (7,'Berlin',52.5167,13.3833);
insert into city (country_id,name,lat,lng) values (8,'Rome',41.8931,12.4828);
insert into city (country_id,name,lat,lng) values (9,'Moscow',55.7558,37.6178);
insert into city (country_id,name,lat,lng) values (9,'Saint Petersburg',59.95,30.3167);
insert into city (country_id,name,lat,lng) values (10,'Madrid',9.2667,125.9667);
insert into city (country_id,name,lat,lng) values (10,'Barcelona',12.8667,124.1333);
insert into city (country_id,name,lat,lng) values (11,'Washington',54.9,-1.52);
insert into city (country_id,name,lat,lng) values (11,'New York',40.6943,-73.9249);
insert into city (country_id,name,lat,lng) values (11,'Colorado City',36.9774,-112.983);
insert into city (country_id,name,lat,lng) values (11,'San Francisco',16.8017,-89.9342);
insert into city (country_id,name,lat,lng) values (11,'Ohio',40.5425,-80.0926);
insert into city (country_id,name,lat,lng) values (11,'Texas City',29.4128,-94.9658);


-- Inserting all the roles
insert into role (title, start_date, client, project_id) values ('Software engineer', '2022-07-24 00:00:00', 'American Express', 2);
insert into role (title, start_date, client, project_id) values ('Software engineer', '2022-07-25 00:00:00', 'Dell Technologies', 1);
insert into role (title, start_date, client, project_id) values ('Data scientist', '2022-07-25 00:00:00', 'Dell Technologies', 1);
insert into role (title, start_date, client, project_id) values ('Chief Technical Officer', '2022-07-25 00:00:00', 'Apple', 3);
insert into role (title, start_date, client, project_id) values ('Software engineer', '2022-08-30 00:00:00', 'American Express', 2);
insert into role (title, start_date, client, project_id) values ('Software engineer', '2022-08-30 00:00:00', 'Apple', 3);
insert into role (title, start_date, client, project_id) values ('Software engineer', '2022-08-30 00:00:00', 'Exxon Mobil', 4);
insert into role (title, start_date, client, project_id) values ('Software engineer', '2022-08-30 00:00:00', 'American Express', 2);
insert into role (title, start_date, client, project_id) values ('Software engineer', '2022-08-30 00:00:00', 'American Express', 2);
insert into role (title, start_date, client, project_id) values ('Software engineer', '2022-08-30 00:00:00', 'American Express', 2);
insert into role (title, start_date, client, project_id) values ('Data scientist', '2022-08-30 00:00:00', 'American Express', 2);
insert into role (title, start_date, client, project_id) values ('Data scientist', '2022-08-30 00:00:00', 'Apple', 3);
insert into role (title, start_date, client, project_id) values ('Data scientist', '2022-08-30 00:00:00', 'American Express', 2);
insert into role (title, start_date, client, project_id) values ('Data scientist', '2022-08-30 00:00:00', 'Exxon Mobil', 4);
insert into role (title, start_date, client, project_id) values ('Data scientist', '2022-08-30 00:00:00', 'American Express', 2);
insert into role (title, start_date, client, project_id) values ('Data analyst', '2022-08-30 00:00:00', 'Exxon Mobil', 4);
insert into role (title, start_date, client, project_id) values ('Data analyst', '2022-08-30 00:00:00', 'American Express', 2);
insert into role (title, start_date, client, project_id) values ('Data analyst', '2022-08-30 00:00:00', 'Apple', 3);
insert into role (title, start_date, client, project_id) values ('Data analyst', '2022-08-30 00:00:00', 'AT&T', 5);
insert into role (title, start_date, client, project_id) values ('Data analyst', '2022-08-30 00:00:00', 'AT&T', 5);
insert into role (title, start_date, client, project_id) values ('Data analyst', '2022-08-30 00:00:00', 'AT&T', 5);
insert into role (title, start_date, client, project_id) values ('Data analyst', '2022-08-30 00:00:00', 'Exxon Mobil', 4);
insert into role (title, start_date, client, project_id) values ('Backend developer', '2022-08-30 00:00:00', 'AT&T', 5);
insert into role (title, start_date, client, project_id) values ('Backend developer', '2022-08-30 00:00:00', 'Dell Technologies', 1);
insert into role (title, start_date, client, project_id) values ('Backend developer', '2022-08-30 00:00:00', 'Exxon Mobil', 4);
insert into role (title, start_date, client, project_id) values ('Backend developer', '2022-08-30 00:00:00', 'Exxon Mobil', 4);


-- Inserting all the requisitions
insert into requisition (start_date, seniority, role_id, city_id) values ('2022-07-24 00:00:00', 'Junior', 1, 1);
insert into requisition (start_date, seniority, role_id, city_id) values ('2022-07-24 00:00:00', 'Senior', 1, 1);
insert into requisition (start_date, seniority, role_id, city_id) values ('2022-07-24 00:00:00', 'Senior', 1, 1);
insert into requisition (start_date, seniority, role_id, city_id) values ('2022-07-25 00:00:00', 'Lead', 4, 12);
insert into requisition (start_date, seniority, role_id, city_id) values ('2022-08-30 00:00:00', 'Senior', 9, 12);
insert into requisition (start_date, seniority, role_id, city_id) values ('2022-08-30 00:00:00', 'Senior', 10, 12);
insert into requisition (start_date, seniority, role_id, city_id) values ('2022-08-30 00:00:00', 'Semi senior', 5, 6);
insert into requisition (start_date, seniority, role_id, city_id) values ('2022-09-30 00:00:00', 'Junior', 26, 6);
insert into requisition (start_date, seniority, role_id, city_id) values ('2022-07-25 00:00:00', 'Junior', 3, 6);
insert into requisition (start_date, seniority, role_id, city_id) values ('2022-07-25 00:00:00', 'Semi senior', 2, 6);
insert into requisition (start_date, seniority, role_id, city_id) values ('2022-08-30 00:00:00', 'Semi senior', 7, 6);
insert into requisition (start_date, seniority, role_id, city_id) values ('2022-08-30 00:00:00', 'Semi senior', 11, 6);
insert into requisition (start_date, seniority, role_id, city_id) values ('2022-08-30 00:00:00', 'Semi senior', 15, 6);
insert into requisition (start_date, seniority, role_id, city_id) values ('2022-08-30 00:00:00', 'Semi senior', 9, 6);
insert into requisition (start_date, seniority, role_id, city_id) values ('2022-08-30 00:00:00', 'Lead', 20, 6);
insert into requisition (start_date, seniority, role_id, city_id) values ('2022-07-25 00:00:00', 'Semi senior', 3, 6);
insert into requisition (start_date, seniority, role_id, city_id) values ('2022-08-30 00:00:00', 'Semi senior', 25, 6);
insert into requisition (start_date, seniority, role_id, city_id) values ('2022-08-30 00:00:00', 'Senior', 10, 6);
insert into requisition (start_date, seniority, role_id, city_id) values ('2022-08-30 00:00:00', 'Junior', 5, 5);
insert into requisition (start_date, seniority, role_id, city_id) values ('2022-08-30 00:00:00', 'Senior', 6, 5);
insert into requisition (start_date, seniority, role_id, city_id) values ('2022-08-30 00:00:00', 'Junior', 14, 16);
insert into requisition (start_date, seniority, role_id, city_id) values ('2022-08-30 00:00:00', 'Senior', 17, 18);
insert into requisition (start_date, seniority, role_id, city_id) values ('2022-07-24 00:00:00', 'Junior', 1, 18);
insert into requisition (start_date, seniority, role_id, city_id) values ('2022-07-25 00:00:00', 'Semi senior', 2, 6);
insert into requisition (start_date, seniority, role_id, city_id) values ('2022-08-30 00:00:00', 'Junior', 5, 6);
insert into requisition (start_date, seniority, role_id, city_id) values ('2022-07-25 00:00:00', 'Lead', 3, 6);
insert into requisition (start_date, seniority, role_id, city_id) values ('2022-08-30 00:00:00', 'Junior', 17, 6);
insert into requisition (start_date, seniority, role_id, city_id) values ('2022-08-30 00:00:00', 'Semi senior', 19, 6);
insert into requisition (start_date, seniority, role_id, city_id) values ('2022-08-30 00:00:00', 'Semi senior', 11, 6);
insert into requisition (start_date, seniority, role_id, city_id) values ('2022-08-30 00:00:00', 'Junior', 11, 18);
insert into requisition (start_date, seniority, role_id, city_id) values ('2022-07-24 00:00:00', 'Lead', 1, 18);
insert into requisition (start_date, seniority, role_id, city_id) values ('2022-08-30 00:00:00', 'Junior', 5, 18);
insert into requisition (start_date, seniority, role_id, city_id) values ('2022-08-30 00:00:00', 'Semi senior', 9, 18);
insert into requisition (start_date, seniority, role_id, city_id) values ('2022-08-30 00:00:00', 'Semi senior', 8, 18);
insert into requisition (start_date, seniority, role_id, city_id) values ('2022-08-30 00:00:00', 'Junior', 18, 18);
insert into requisition (start_date, seniority, role_id, city_id) values ('2022-08-30 00:00:00', 'Lead', 12, 18);
insert into requisition (start_date, seniority, role_id, city_id) values ('2022-08-30 00:00:00', 'Junior', 13, 18);
insert into requisition (start_date, seniority, role_id, city_id) values ('2022-08-30 00:00:00', 'Semi senior', 16, 18);


-- Inserting all the candidates
insert into candidate (name, email, phone, linkedin) values ('Auguste Maudett', 'amaudett0@oracle.com', '172-763-3557', 'linkedin.com/in/augustemaudett/');
insert into candidate (name, email, phone, linkedin) values ('Sharlene Josling', 'sjosling1@epa.gov', '394-950-0463', 'linkedin.com/in/sharlenejosling');
insert into candidate (name, email, phone, linkedin) values ('Angelique Maypole', 'amaypole2@apache.org', '393-235-9946', 'linkedin.com/in/angeliquemaypole');
insert into candidate (name, email, phone, linkedin) values ('Harlen Abbate', 'habbate3@google.fr', '629-460-1044', 'linkedin.com/in/harlenabbate');
insert into candidate (name, email, phone, linkedin) values ('Janis Baccus', 'jbaccus4@google.com.br', '792-534-7880', 'linkedin.com/in/janisbaccus');
insert into candidate (name, email, phone, linkedin) values ('Maddie Clover', 'mclover5@salon.com', '608-784-3384', 'linkedin.com/in/maddieclover');
insert into candidate (name, email, phone, linkedin) values ('Ara Beaze', 'abeaze6@phpbb.com', '449-247-4850', 'linkedin.com/in/arabeaze');
insert into candidate (name, email, phone, linkedin) values ('Allissa Bancroft', 'abancroft7@diigo.com', '829-519-4709', 'linkedin.com/in/allissabancroft');
insert into candidate (name, email, phone, linkedin) values ('Anthia Kitching', 'akitching8@unblog.fr', '119-913-2948', 'linkedin.com/in/anthiakitching');
insert into candidate (name, email, phone, linkedin) values ('Ermina Bhar', 'ebhar9@icio.us', '630-891-1601', 'linkedin.com/in/erminabhar');
insert into candidate (name, email, phone, linkedin) values ('Fredric Dufer', 'fdufera@wordpress.org', '522-481-3525', 'linkedin.com/in/fredricdufer');
insert into candidate (name, email, phone, linkedin) values ('Sauveur McGettigan', 'smcgettiganb@tuttocitta.it', '335-511-2388', 'linkedin.com/in/sauveurmcGettigan');
insert into candidate (name, email, phone, linkedin) values ('Eamon Boosey', 'ebooseyc@hc360.com', '970-197-7741', 'linkedin.com/in/eamonboosey');
insert into candidate (name, email, phone, linkedin) values ('Hestia Callendar', 'hcallendard@hugedomains.com', '859-628-0772', 'linkedin.com/in/hestiacallendar');
insert into candidate (name, email, phone, linkedin) values ('Booth Brownsmith', 'bbrownsmithe@delicious.com', '951-231-8542', 'linkedin.com/in/boothbrownsmith');


-- Inserting funnel activity
insert into funnel (date, candidate_id, stage_id, requisition_id, roster_id) values ('2022-08-30 00:00:00', 1, 1, 5, 5);
insert into funnel (date, candidate_id, stage_id, requisition_id, roster_id) values ('2022-08-31 00:00:00', 1, 2, 5, 5);
insert into funnel (date, candidate_id, stage_id, requisition_id, roster_id) values ('2022-08-30 00:00:00', 2, 1, 5, 11);
insert into funnel (date, candidate_id, stage_id, requisition_id, roster_id) values ('2022-08-30 00:00:00', 3, 1, 14, 13);
insert into funnel (date, candidate_id, stage_id, requisition_id, roster_id) values ('2022-09-01 00:00:00', 3, 2, 14, 13);
insert into funnel (date, candidate_id, stage_id, requisition_id, roster_id) values ('2022-09-02 00:00:00', 3, 3, 14, 13);
insert into funnel (date, candidate_id, stage_id, requisition_id, roster_id) values ('2022-08-30 00:00:00', 4, 1, 14, 25);
insert into funnel (date, candidate_id, stage_id, requisition_id, roster_id) values ('2022-09-02 00:00:00', 4, 2, 14, 25);
insert into funnel (date, candidate_id, stage_id, requisition_id, roster_id) values ('2022-08-30 00:00:00', 5, 1, 21, 65);
insert into funnel (date, candidate_id, stage_id, requisition_id, roster_id) values ('2022-09-02 00:00:00', 5, 2, 21, 65);
insert into funnel (date, candidate_id, stage_id, requisition_id, roster_id) values ('2022-08-30 00:00:00', 6, 1, 5, 50);
insert into funnel (date, candidate_id, stage_id, requisition_id, roster_id) values ('2022-07-25 00:00:00', 7, 1, 10, 33);
insert into funnel (date, candidate_id, stage_id, requisition_id, roster_id) values ('2022-08-30 00:00:00', 8, 1, 20, 15);
insert into funnel (date, candidate_id, stage_id, requisition_id, roster_id) values ('2022-09-02 00:00:00', 8, 2, 20, 15);
insert into funnel (date, candidate_id, stage_id, requisition_id, roster_id) values ('2022-07-25 00:00:00', 9, 1, 10, 2);
insert into funnel (date, candidate_id, stage_id, requisition_id, roster_id) values ('2022-08-30 00:00:00', 10, 1, 15, 21);
insert into funnel (date, candidate_id, stage_id, requisition_id, roster_id) values ('2022-09-02 00:00:00', 10, 2, 15, 21);
insert into funnel (date, candidate_id, stage_id, requisition_id, roster_id) values ('2022-09-05 00:00:00', 10, 3, 15, 21);